{"cameraMode":{"drawMode":0,"name":"Shaded","section":"Shading Mode"},"sceneLighting":true,"audioPlay":false,"sceneViewState":{"m_AlwaysRefresh":false,"showFog":true,"showSkybox":true,"showFlares":true,"showImageEffects":true,"showParticleSystems":true,"showVisualEffectGraphs":true,"m_FxEnabled":true},"in2DMode":false,"pivot":{"x":6.891549110412598,"y":-0.17014598846435548,"z":-9.544333457946778},"rotation":{"x":0.40507030487060549,"y":0.03124888986349106,"z":-0.013834930956363678,"w":0.9136640429496765},"size":9.239277839660645,"orthographic":false}